{
    "accuracy": 0.7632687805916153,
    "precision": 0.7741203421464258,
    "recall": 0.7632687805916153,
    "f1_score": 0.7595678563472626,
    "confusion_matrix": [
        [
            50979,
            28252
        ],
        [
            10682,
            74552
        ]
    ],
    "training_duration": 76.08246660232544
}