{
  "accuracy": 0.6716417910447762,
  "precision": 0.7037037037037037,
  "recall": 0.6363636363636364,
  "f1": 0.6683417085427137,
  "roc_auc": 0.7490393435307534
}